{
    "observation.state": {
        "min": [
            -0.2400815486907959,
            2.1099513247690993e-09,
            -1.4116475582122803,
            -1.1107085943222046
        ],
        "max": [
            2.20792555809021,
            1.9843777418136597,
            1.6192916631698608,
            1.2156925201416016
        ],
        "mean": [
            0.5075263293232053,
            0.4572729193924581,
            0.7471580074194712,
            0.7260264664799331
        ],
        "std": [
            0.4727183141158586,
            0.4411946471340531,
            0.4307199897575882,
            0.4306528449263887
        ],
        "count": [
            2510
        ],
        "q01": [
            0.032805688394851186,
            0.03233480302583707,
            -0.12277477208722615,
            -0.08300789240208954
        ],
        "q10": [
            0.09501389505383534,
            0.07890913448230635,
            0.5490221261608726,
            0.48878519226802064
        ],
        "q50": [
            0.46648969763227677,
            0.40410898422107266,
            0.7802518351474483,
            0.7545340199756999
        ],
        "q90": [
            0.9681334238653461,
            0.9023755359198466,
            0.9438594992440822,
            0.9901241428469401
        ],
        "q99": [
            1.076798196966455,
            1.0165363247334305,
            0.9651228188632489,
            1.0014124805589393
        ]
    },
    "episode_index": {
        "min": [
            0
        ],
        "max": [
            99
        ],
        "mean": [
            50.155776892430275
        ],
        "std": [
            28.108711068675042
        ],
        "count": [
            2510
        ],
        "q01": [
            50.155776892430275
        ],
        "q10": [
            50.155776892430275
        ],
        "q50": [
            50.155776892430275
        ],
        "q90": [
            50.15577689243029
        ],
        "q99": [
            50.15577689243029
        ]
    },
    "frame_index": {
        "min": [
            0
        ],
        "max": [
            43
        ],
        "mean": [
            13.238645418326696
        ],
        "std": [
            8.97349020459493
        ],
        "count": [
            2510
        ],
        "q01": [
            -9.999999999999998e-11
        ],
        "q10": [
            2.16461391226659
        ],
        "q50": [
            12.939137848603277
        ],
        "q90": [
            24.189621896497446
        ],
        "q99": [
            26.47572964790875
        ]
    },
    "task_index": {
        "min": [
            0
        ],
        "max": [
            0
        ],
        "mean": [
            0.0
        ],
        "std": [
            0.0
        ],
        "count": [
            2510
        ],
        "q01": [
            3.999999999999419e-16
        ],
        "q10": [
            3.999999999999418e-15
        ],
        "q50": [
            1.9999999999997088e-14
        ],
        "q90": [
            3.599999999999477e-14
        ],
        "q99": [
            3.959999999999424e-14
        ]
    },
    "timestamp": {
        "min": [
            0.0
        ],
        "max": [
            2.15
        ],
        "mean": [
            0.6619322709163346
        ],
        "std": [
            0.44867451022974614
        ],
        "count": [
            2510
        ],
        "q01": [
            -9.999999999999998e-11
        ],
        "q10": [
            0.10823069553352307
        ],
        "q50": [
            0.6469818565714005
        ],
        "q90": [
            1.2094810949038164
        ],
        "q99": [
            1.3237864824904264
        ]
    },
    "index": {
        "min": [
            0
        ],
        "max": [
            2509
        ],
        "mean": [
            1254.5
        ],
        "std": [
            724.5745303279714
        ],
        "count": [
            2510
        ],
        "q01": [
            1241.2613545815734
        ],
        "q10": [
            1243.4259684939395
        ],
        "q50": [
            1254.2009917131456
        ],
        "q90": [
            1265.4509764781712
        ],
        "q99": [
            1267.737084229582
        ]
    },
    "action": {
        "min": [
            -1.0,
            1.647400260651466e-08
        ],
        "max": [
            1.0,
            1.0
        ],
        "mean": [
            0.758942437082143,
            0.7353731750432712
        ],
        "std": [
            0.40397953584112556,
            0.40944802411468034
        ],
        "count": [
            2510
        ],
        "q01": [
            0.2693785109725513,
            0.25246250371171114
        ],
        "q10": [
            0.5498640689775777,
            0.4869912729517712
        ],
        "q50": [
            0.7703580974620928,
            0.7493977282339929
        ],
        "q90": [
            0.9434890561096452,
            0.9892842354271748
        ],
        "q99": [
            0.9505000018759073,
            0.9989575205620373
        ]
    }
}